{
  "version": 1,
  "author": "The Bin - Hack Club",
  "editor": "wokwi",
  "parts": [
    { "type": "wokwi-breadboard", "id": "bb1", "top": 102.6, "left": 204.4, "attrs": {} },
    {
      "type": "board-pi-pico-w",
      "id": "pico",
      "top": 107.05,
      "left": 296.75,
      "rotate": 270,
      "attrs": { "env": "arduino-community" }
    },
    {
      "type": "board-ds18b20",
      "id": "board-ds18b20-0",
      "top": -20.33,
      "left": 167.28,
      "attrs": {}
    },
    {
      "type": "wokwi-ntc-temperature-sensor",
      "id": "wokwi-ntc-temperature-sensor-0",
      "top": -132.3,
      "left": 114.7,
      "rotate": 90,
      "attrs": {}
    },
    {
      "type": "wokwi-photoresistor-sensor",
      "id": "wokwi-photoresistor-sensor-0",
      "top": -48.3,
      "left": 445.7,
      "rotate": 90,
      "attrs": {}
    },
    {
      "type": "wokwi-dht22",
      "id": "wokwi-dht22-0",
      "top": -47.7,
      "left": 273,
      "attrs": { "temperature": "54.9", "humidity": "32" }
    },
    {
      "type": "wokwi-pir-motion-sensor",
      "id": "wokwi-pir-motion-sensor-0",
      "top": -44,
      "left": 386.22,
      "attrs": {}
    },
    { "type": "wokwi-lcd1602", "id": "lcd1", "top": -130.97, "left": 630.4, "attrs": {} }
  ],
  "connections": [
    [ "pico:GP0", "$serialMonitor:RX", "", [] ],
    [ "pico:GP1", "$serialMonitor:TX", "", [] ],
    [ "pico:VBUS", "bb1:tp.1", "green", [ "v0" ] ],
    [ "pico:GND.8", "bb1:tn.3", "black", [ "v0" ] ],
    [ "wokwi-dht22-0:VCC", "bb1:tp.5", "red", [ "v0" ] ],
    [ "wokwi-dht22-0:GND", "bb1:tn.7", "black", [ "v0" ] ],
    [ "wokwi-dht22-0:SDA", "pico:GP28", "green", [ "v19.2", "h9.7" ] ],
    [ "wokwi-pir-motion-sensor-0:VCC", "bb1:tp.16", "red", [ "v0" ] ],
    [ "wokwi-pir-motion-sensor-0:GND", "bb1:tn.18", "black", [ "v0" ] ],
    [ "wokwi-pir-motion-sensor-0:OUT", "pico:GP27", "green", [ "v48", "h-76.94" ] ],
    [ "wokwi-photoresistor-sensor-0:GND", "bb1:tn.26", "black", [ "v0" ] ],
    [ "wokwi-photoresistor-sensor-0:VCC", "bb1:tp.27", "red", [ "v0" ] ],
    [ "wokwi-photoresistor-sensor-0:DO", "pico:GP26", "green", [ "v19.2", "h-153" ] ],
    [ "lcd1:VSS", "bb1:tn.37", "green", [ "v0" ] ],
    [ "lcd1:VDD", "bb1:tp.38", "green", [ "v0" ] ],
    [ "lcd1:RS", "pico:GP12", "green", [ "v345.6", "h-297.3" ] ],
    [ "lcd1:RW", "bb1:tn.40", "green", [ "v0" ] ],
    [ "lcd1:E", "pico:GP11", "green", [ "v355.2", "h-326.4" ] ],
    [ "lcd1:D4", "pico:GP10", "green", [ "v364.8", "h-384" ] ],
    [ "lcd1:D5", "pico:GP9", "green", [ "v374.4", "h-105.5" ] ],
    [ "lcd1:D6", "pico:GP8", "green", [ "v384", "h-9.4" ] ],
    [ "lcd1:D7", "pico:GP7", "green", [ "v393.6", "h-335.7" ] ],
    [ "lcd1:K", "bb1:tn.50", "green", [ "v0" ] ],
    [ "pico:GP0", "bb1:3b.h", "", [ "$bb" ] ],
    [ "pico:GP1", "bb1:4b.h", "", [ "$bb" ] ],
    [ "pico:GND.1", "bb1:5b.h", "", [ "$bb" ] ],
    [ "pico:GP2", "bb1:6b.h", "", [ "$bb" ] ],
    [ "pico:GP3", "bb1:7b.h", "", [ "$bb" ] ],
    [ "pico:GP4", "bb1:8b.h", "", [ "$bb" ] ],
    [ "pico:GP5", "bb1:9b.h", "", [ "$bb" ] ],
    [ "pico:GND.2", "bb1:10b.h", "", [ "$bb" ] ],
    [ "pico:GP6", "bb1:11b.h", "", [ "$bb" ] ],
    [ "pico:GP7", "bb1:12b.h", "", [ "$bb" ] ],
    [ "pico:GP8", "bb1:13b.h", "", [ "$bb" ] ],
    [ "pico:GP9", "bb1:14b.h", "", [ "$bb" ] ],
    [ "pico:GND.3", "bb1:15b.h", "", [ "$bb" ] ],
    [ "pico:GP10", "bb1:16b.h", "", [ "$bb" ] ],
    [ "pico:GP11", "bb1:17b.h", "", [ "$bb" ] ],
    [ "pico:GP12", "bb1:18b.h", "", [ "$bb" ] ],
    [ "pico:GP13", "bb1:19b.h", "", [ "$bb" ] ],
    [ "pico:GND.4", "bb1:20b.h", "", [ "$bb" ] ],
    [ "pico:GP14", "bb1:21b.h", "", [ "$bb" ] ],
    [ "pico:GP15", "bb1:22b.h", "", [ "$bb" ] ],
    [ "pico:GP16", "bb1:22t.c", "", [ "$bb" ] ],
    [ "pico:GP17", "bb1:21t.c", "", [ "$bb" ] ],
    [ "pico:GND.5", "bb1:20t.c", "", [ "$bb" ] ],
    [ "pico:GP18", "bb1:19t.c", "", [ "$bb" ] ],
    [ "pico:GP19", "bb1:18t.c", "", [ "$bb" ] ],
    [ "pico:GP20", "bb1:17t.c", "", [ "$bb" ] ],
    [ "pico:GP21", "bb1:16t.c", "", [ "$bb" ] ],
    [ "pico:GND.6", "bb1:15t.c", "", [ "$bb" ] ],
    [ "pico:GP22", "bb1:14t.c", "", [ "$bb" ] ],
    [ "pico:RUN", "bb1:13t.c", "", [ "$bb" ] ],
    [ "pico:GP26", "bb1:12t.c", "", [ "$bb" ] ],
    [ "pico:GP27", "bb1:11t.c", "", [ "$bb" ] ],
    [ "pico:GND.7", "bb1:10t.c", "", [ "$bb" ] ],
    [ "pico:GP28", "bb1:9t.c", "", [ "$bb" ] ],
    [ "pico:ADC_VREF", "bb1:8t.c", "", [ "$bb" ] ],
    [ "pico:3V3", "bb1:7t.c", "", [ "$bb" ] ],
    [ "pico:3V3_EN", "bb1:6t.c", "", [ "$bb" ] ],
    [ "pico:GND.8", "bb1:5t.c", "", [ "$bb" ] ],
    [ "pico:VSYS", "bb1:4t.c", "", [ "$bb" ] ],
    [ "pico:VBUS", "bb1:3t.c", "", [ "$bb" ] ],
    [ "lcd1:A", "pico:GP13", "green", [ "v316.8", "h-393.7" ] ]
  ],
  "dependencies": {}
}